<?xml version="1.0" encoding="UTF-8"?>
<!DOCTYPE mapper
PUBLIC "-//mybatis.org//DTD Mapper 3.0//EN"
"http://mybatis.org/dtd/mybatis-3-mapper.dtd">
<mapper namespace="cn.lmu.bookstore.dao.UserMapper">
	<!--SQL片段 -->
	<sql id="getUserListWhere">
		<where>
			<if test="username != null">
				user.username like CONCAT('%',#{username},'%')
			</if>
		</where>
	</sql>
	
	<!-- 登录验证 -->
	 <select id="checkLogin"  parameterType="User" resultType="User">
       select * from user where  username=#{username} and  `password`=#{password}
    </select>
	
	<!-- 新增用户 -->
	<insert id="createUser" parameterType="User">
		insert into user(username, password, gender, email, telephone, introduce)
		values(#{username}, #{password}, #{gender}, #{email}, #{telephone}, #{introduce})
	</insert>
	
	<!-- 更新 -->
	<update id="editUser" parameterType="User">
		update user
		<set>
			<if test="username!=null">
				username=#{username},
			</if>
			<if test="password!=null">
				password=#{password},
			</if>
			<if test="gender != null">
				gender= #{gender},
			</if>
			<if test="email !=null">
				email=#{email},
			</if>
			<if test="telephone !=null">
				telephone=#{telephone},
			</if>
			<if test="introduce !=null">
				introduce=#{introduce},
			</if>
		</set>
		where id=#{id}
	</update>
	
	<!-- 查找 -->
	<select id="getUserById" parameterType="int"
		resultMap="UserWithCategoryResult">
		select * from user where id=#{id}
	</select>
	
	<!-- 查询 -->
	<select id="getUserList" parameterType="User"
		resultMap="UserWithCategoryResult">
		select * from user
		<include refid="getUserListWhere" />
	</select>
	
	<!-- 删除产品 -->
	<delete id="deleteUser" parameterType="int">
		delete from user where id=#{id}
	</delete>
	
	<!-- 删除一组产品 -->
    <delete id="deleteUsers">
        delete from user where id in
        <foreach collection="array"  item="item_id" separator="," open="("  close=")">
                     #{item_id}
      </foreach>
    </delete>
    
	<resultMap type="User" id="UserWithCategoryResult">
		<id property="id" column="id" />
		<result property="username" column="username" />
		<result property="password" column="password" />
		<result property="gender" column="gender" />
		<result property="email" column="email" />
		<result property="telephone" column="telephone" />
		<result property="introduce" column="introduce" />
		<result property="activeCode" column="activeCode" />
		<result property="state" column="state" />
		<result property="role" column="role" />
		<result property="registTime" column="registTime" />
	</resultMap>
</mapper>