<?xml version="1.0" encoding="UTF-8"?>
<beans xmlns="http://www.springframework.org/schema/beans"
	xmlns:xsi="http://www.w3.org/2001/XMLSchema-instance"
	xmlns:context="http://www.springframework.org/schema/context"
	xmlns:mvc="http://www.springframework.org/schema/mvc"
	xsi:schemaLocation="http://www.springframework.org/schema/mvc  http://www.springframework.org/schema/mvc/spring-mvc-4.0.xsd
          http://www.springframework.org/schema/beans  http://www.springframework.org/schema/beans/spring-beans.xsd
          http://www.springframework.org/schema/context  http://www.springframework.org/schema/context/spring-context.xsd">
	<!-- 配置注解驱动 -->
	<mvc:annotation-driven />

	<!-- 配置service扫描 -->
	<context:component-scan
		base-package="cn.lmu.bookstore.service" />

	<!-- 配置controller扫描 -->
	<context:component-scan
		base-package="cn.lmu.bookstore.controller" />
	
	<!-- 定义文件上传解析器 -->
	<bean id="multipartResolver"
		class="org.springframework.web.multipart.commons.CommonsMultipartResolver">
		<!-- 设定默认编码 -->
		<property name="defaultEncoding" value="UTF-8"></property>
		<!-- 设定文件上传的最大值5MB，5*1024*1024 -->
		<property name="maxUploadSize" value="5242880"></property>
	</bean>
	<!-- Jackson对JSON数据传输处理 -->
	<bean id="mappingJacksonHttpMessageConverter"
		class="org.springframework.http.converter.json.MappingJackson2HttpMessageConverter">
		<property name="supportedMediaTypes">
			<list>
				<value>text/html;charset=UTF-8</value>
			</list>
		</property>
	</bean>
</beans>